jobtitle,company,city,state,country,formattedLocation,source,date,snippet,url,onmousedown,latitude,longitude,jobkey,sponsored,expired,formattedLocationFull,formattedRelativeTime,stations,indeedApply,job_summary
Software Engineering Intern,Ripple,San Francisco,CA,US,"San Francisco, CA",Ripple,"Sat, 21 Jan 2017 02:38:59 GMT",Work collaboratively with seasoned <b>developers</b> and get exposure to our enterprise <b>software</b> development lifecycle....,http://www.indeed.com/viewjob?jk=57803a3b94f6244e&qd=v-Gkoehggc88oycIjB7jnoOfKzeZb_KvtZpfstA0Xxkj49khldW4o8B80mZmYnKEiB4z_IYKCfdTaa5Ybr776qbHWTb-AoTkgUCOFDaPjhQo2fTn8beRkcVfId2TgWS9y-TZZEhNPFCj36Czm6eym2hcULo-dXFL-9sHb0MaXII&indpubnum=1321797817350622&atk=1b88sktgdah9hfgh,"indeed_clk(this,'5579');",,,57803a3b94f6244e,False,False,"San Francisco, CA",16 days ago,,True,
Jr. Salesforce Developer,Career Evolutions,San Francisco,CA,US,"San Francisco, CA",Career Evolutions,"Tue, 31 Jan 2017 03:59:15 GMT","<b>Software</b> Performance Tuning. Career Evolutions is searching for a <b>Jr</b>. Work with IT Project Managers, Business Analysts, and Senior <b>Software</b> <b>Developers</b> to...",http://www.indeed.com/viewjob?jk=530d1bfeb05463ae&qd=v-Gkoehggc88oycIjB7jnoOfKzeZb_KvtZpfstA0Xxkj49khldW4o8B80mZmYnKEiB4z_IYKCfdTaa5Ybr776qbHWTb-AoTkgUCOFDaPjhQo2fTn8beRkcVfId2TgWS9y-TZZEhNPFCj36Czm6eym2hcULo-dXFL-9sHb0MaXII&indpubnum=1321797817350622&atk=1b88sktgdah9hfgh,"indeed_clk(this,'5579');",,,530d1bfeb05463ae,False,False,"San Francisco, CA",6 days ago,,True,
Junior Front End Engineer,Realogy Corporate,Emeryville,CA,US,"Emeryville, CA",Realogy,"Tue, 31 Jan 2017 22:26:26 GMT","<b>Junior</b>, Front-End Engineer. Some experience developing user-facing <b>software</b>. About ZapLabs LLC....",http://www.indeed.com/viewjob?jk=cb17afd6c1a9245e&qd=v-Gkoehggc88oycIjB7jnoOfKzeZb_KvtZpfstA0Xxkj49khldW4o8B80mZmYnKEiB4z_IYKCfdTaa5Ybr776qbHWTb-AoTkgUCOFDaPjhQo2fTn8beRkcVfId2TgWS9y-TZZEhNPFCj36Czm6eym2hcULo-dXFL-9sHb0MaXII&indpubnum=1321797817350622&atk=1b88sktgdah9hfgh,"indeed_clk(this,'5579');",,,cb17afd6c1a9245e,False,False,"Emeryville, CA",5 days ago,,False,
Junior/Mid Level Software Engineer,HireAthena,San Francisco,CA,US,"San Francisco, CA",HireAthena,"Sun, 05 Feb 2017 07:03:14 GMT","We’ve found the best way of doing any given task related to accounting, finance, HR and payroll by providing <b>software</b> and constantly refining it to meet our...",http://www.indeed.com/viewjob?jk=c75b1317971d4d4b&qd=v-Gkoehggc88oycIjB7jnoOfKzeZb_KvtZpfstA0Xxkj49khldW4o8B80mZmYnKEiB4z_IYKCfdTaa5Ybr776qbHWTb-AoTkgUCOFDaPjhQo2fTn8beRkcVfId2TgWS9y-TZZEhNPFCj36Czm6eym2hcULo-dXFL-9sHb0MaXII&indpubnum=1321797817350622&atk=1b88sktgdah9hfgh,"indeed_clk(this,'5579');",,,c75b1317971d4d4b,False,False,"San Francisco, CA",21 hours ago,,True,
Junior Software Developer,Lawrence Berkeley National Laboratory,Berkeley,CA,US,"Berkeley, CA",Lawrence Berkeley National Laboratory,"Thu, 02 Feb 2017 18:55:45 GMT",Are you a <b>junior</b> <b>software</b> <b>developer</b> with a passion for supporting large-scale scientific collaborations? Berkeley Lab is seeking a <b>Junior</b> <b>Developer</b> for DOE’s...,http://www.indeed.com/viewjob?jk=09d4feb3661a821f&qd=v-Gkoehggc88oycIjB7jnoOfKzeZb_KvtZpfstA0Xxkj49khldW4o8B80mZmYnKEiB4z_IYKCfdTaa5Ybr776qbHWTb-AoTkgUCOFDaPjhQo2fTn8beRkcVfId2TgWS9y-TZZEhNPFCj36Czm6eym2hcULo-dXFL-9sHb0MaXII&indpubnum=1321797817350622&atk=1b88sktgdah9hfgh,"indeed_clk(this,'5579');",,,09d4feb3661a821f,False,False,"Berkeley, CA 94720",3 days ago,,False,
Junior Software Developer,Thermo Fisher Scientific,Pleasanton,CA,US,"Pleasanton, CA",Thermo Fisher Scientific,"Tue, 24 Jan 2017 16:28:39 GMT","Camstar Enterprise Platform 5.8/6 (Siemens) MES Modeling in Designer , API and User Interface development Domain Driven Design and Service Oriented Architecture...",http://www.indeed.com/viewjob?jk=453b571722ac4578&qd=v-Gkoehggc88oycIjB7jnoOfKzeZb_KvtZpfstA0Xxkj49khldW4o8B80mZmYnKEiB4z_IYKCfdTaa5Ybr776qbHWTb-AoTkgUCOFDaPjhQo2fTn8beRkcVfId2TgWS9y-TZZEhNPFCj36Czm6eym2hcULo-dXFL-9sHb0MaXII&indpubnum=1321797817350622&atk=1b88sktgdah9hfgh,"indeed_clk(this,'5579');",,,453b571722ac4578,False,False,"Pleasanton, CA 94588",12 days ago,,False,
Software Intern,Sony Interactive Entertainment PlayStation,San Francisco,CA,US,"San Francisco, CA",Sony Interactive Entertainment PlayStation,"Wed, 01 Feb 2017 20:01:54 GMT","The PlayStation family of products and services include PlayStation®4, PlayStation®VR, PlayStation®Vita, PlayStation®3, PlayStation®Store, PlayStation®Plus,...",http://www.indeed.com/viewjob?jk=d82d3b533cb3d000&qd=v-Gkoehggc88oycIjB7jnoOfKzeZb_KvtZpfstA0Xxkj49khldW4o8B80mZmYnKEiB4z_IYKCfdTaa5Ybr776qbHWTb-AoTkgUCOFDaPjhQo2fTn8beRkcVfId2TgWS9y-TZZEhNPFCj36Czm6eym2hcULo-dXFL-9sHb0MaXII&indpubnum=1321797817350622&atk=1b88sktgdah9hfgh,"indeed_clk(this,'5579');",,,d82d3b533cb3d000,False,False,"San Francisco, CA",4 days ago,,True,
Software Engineer,Alation Inc.,Redwood City,CA,US,"Redwood City, CA",Alation Inc.,"Sat, 14 Jan 2017 10:00:08 GMT","(if you are <b>junior</b>) be hungry to learn and take on responsibilities. (if you are senior) bring best engineering practices and tools, and mentor <b>junior</b> engineers...",http://www.indeed.com/viewjob?jk=5ed1d434c02c9f4f&qd=v-Gkoehggc88oycIjB7jnoOfKzeZb_KvtZpfstA0Xxkj49khldW4o8B80mZmYnKEiB4z_IYKCfdTaa5Ybr776qbHWTb-AoTkgUCOFDaPjhQo2fTn8beRkcVfId2TgWS9y-TZZEhNPFCj36Czm6eym2hcULo-dXFL-9sHb0MaXII&indpubnum=1321797817350622&atk=1b88sktgdah9hfgh,"indeed_clk(this,'5579');",,,5ed1d434c02c9f4f,False,False,"Redwood City, CA",22 days ago,,False,
Programmer / Developer - Junior Java Developer,Capgemini,South San Francisco,CA,US,"South San Francisco, CA",Capgemini,"Fri, 27 Jan 2017 11:51:39 GMT","<b>Junior</b> <b>Developer</b> with 2 years of experience. Should have progressing skills in <b>Software</b> Engineering Techniques, <b>Software</b> Engineering Architecture, <b>Software</b>...",http://www.indeed.com/viewjob?jk=2cc828f8b4521638&qd=v-Gkoehggc88oycIjB7jnoOfKzeZb_KvtZpfstA0Xxkj49khldW4o8B80mZmYnKEiB4z_IYKCfdTaa5Ybr776qbHWTb-AoTkgUCOFDaPjhQo2fTn8beRkcVfId2TgWS9y-TZZEhNPFCj36Czm6eym2hcULo-dXFL-9sHb0MaXII&indpubnum=1321797817350622&atk=1b88sktgdah9hfgh,"indeed_clk(this,'5579');",,,2cc828f8b4521638,False,False,"South San Francisco, CA",9 days ago,,False,
